idBoleto;idEmpresa;dataVecto;valorParc;total;origem;motivoDescarteApp
4556493;75;2025-02-10;390,66;390,66;0;Lido pelo App
4556528;75;2025-02-10;401,47;401,47;0;Lido pelo App
4556568;75;2025-02-10;401,47;401,47;0;Lido pelo App
4556569;75;2025-02-10;390,66;390,66;0;Lido pelo App
4556621;75;2025-02-10;390,66;390,66;0;Lido pelo App
4556667;75;2025-02-10;390,66;390,66;0;Lido pelo App
4556673;75;2025-02-10;401,47;401,47;0;Lido pelo App
4556713;75;2025-02-10;401,47;401,47;0;Lido pelo App
4556714;75;2025-02-10;401,47;401,47;0;Lido pelo App
4556746;75;2025-02-10;401,47;401,47;0;Lido pelo App
4556749;75;2025-02-10;401,47;401,47;0;Lido pelo App
4556772;75;2025-02-10;390,66;390,66;0;Lido pelo App
4556793;75;2025-02-10;401,47;401,47;0;Lido pelo App
4684839;75;2025-03-10;393,03;393,03;0;Lido pelo App
4684874;75;2025-03-10;390,66;390,66;0;Lido pelo App
4684909;75;2025-03-10;401,47;401,47;0;Lido pelo App
4684949;75;2025-03-10;401,47;401,47;0;Lido pelo App
4684950;75;2025-03-10;390,66;390,66;0;Lido pelo App
4685002;75;2025-03-10;390,66;390,66;0;Lido pelo App
4685014;75;2025-03-10;390,66;390,66;0;Lido pelo App
4685048;75;2025-03-10;390,66;390,66;0;Lido pelo App
4685054;75;2025-03-10;401,47;401,47;0;Lido pelo App
4685094;75;2025-03-10;401,47;401,47;0;Lido pelo App
4685095;75;2025-03-10;401,47;401,47;0;Lido pelo App
4685127;75;2025-03-10;401,47;401,47;0;Lido pelo App
4685130;75;2025-03-10;401,47;401,47;0;Lido pelo App
4685153;75;2025-03-10;390,66;390,66;0;Lido pelo App
4685174;75;2025-03-10;401,47;401,47;0;Lido pelo App
4839043;75;2025-04-10;390,66;390,66;0;Lido pelo App
4839078;75;2025-04-10;401,47;401,47;0;Lido pelo App
4839118;75;2025-04-10;401,47;401,47;0;Lido pelo App
4839119;75;2025-04-10;390,66;390,66;0;Lido pelo App
4839171;75;2025-04-10;390,66;390,66;0;Lido pelo App
4839189;75;2025-04-10;390,66;390,66;0;Lido pelo App
4839217;75;2025-04-10;390,66;390,66;0;Lido pelo App
4839223;75;2025-04-10;401,47;401,47;0;Lido pelo App
4839263;75;2025-04-10;401,47;401,47;0;Lido pelo App
4839264;75;2025-04-10;401,47;401,47;0;Lido pelo App
4839296;75;2025-04-10;401,47;401,47;0;Lido pelo App
4839322;75;2025-04-10;390,66;390,66;0;Lido pelo App
4839343;75;2025-04-10;401,47;401,47;0;Lido pelo App
4970700;75;2025-05-10;393,03;393,03;0;Lido pelo App
4970735;75;2025-05-10;390,66;390,66;0;Lido pelo App
4970770;75;2025-05-10;401,47;401,47;0;Lido pelo App
4970810;75;2025-05-10;401,47;401,47;0;Lido pelo App
4970811;75;2025-05-10;390,66;390,66;0;Lido pelo App
4970863;75;2025-05-10;390,66;390,66;0;Lido pelo App
4970881;75;2025-05-10;390,66;390,66;0;Lido pelo App
4970884;75;2025-05-10;401,47;401,47;0;Lido pelo App
4970914;75;2025-05-10;390,66;390,66;0;Lido pelo App
4970915;75;2025-05-10;401,47;401,47;0;Lido pelo App
4970930;75;2025-05-10;390,66;390,66;0;Lido pelo App
4970955;75;2025-05-10;401,47;401,47;0;Lido pelo App
4970956;75;2025-05-10;401,47;401,47;0;Lido pelo App
4970988;75;2025-05-10;401,47;401,47;0;Lido pelo App
4970991;75;2025-05-10;401,47;401,47;0;Lido pelo App
4971014;75;2025-05-10;390,66;390,66;0;Lido pelo App
4971035;75;2025-05-10;401,47;401,47;0;Lido pelo App
5137452;75;2025-06-10;393,04;393,04;0;Lido pelo App
5137487;75;2025-06-10;390,66;390,66;0;Lido pelo App
5137522;75;2025-06-10;401,48;401,48;0;Lido pelo App
5137562;75;2025-06-10;401,48;401,48;0;Lido pelo App
5137563;75;2025-06-10;390,66;390,66;0;Lido pelo App
5137615;75;2025-06-10;390,66;390,66;0;Lido pelo App
5137633;75;2025-06-10;390,66;390,66;0;Lido pelo App
5137663;75;2025-06-10;401,48;401,48;0;Lido pelo App
5137666;75;2025-06-10;390,66;390,66;0;Lido pelo App
5137667;75;2025-06-10;401,48;401,48;0;Lido pelo App
5137682;75;2025-06-10;390,66;390,66;0;Lido pelo App
5137707;75;2025-06-10;401,48;401,48;0;Lido pelo App
5137708;75;2025-06-10;401,48;401,48;0;Lido pelo App
5137740;75;2025-06-10;401,48;401,48;0;Lido pelo App
5137743;75;2025-06-10;401,48;401,48;0;Lido pelo App
5137766;75;2025-06-10;390,66;390,66;0;Lido pelo App
5137787;75;2025-06-10;401,48;401,48;0;Lido pelo App
5137797;75;2025-06-10;390,66;390,66;0;Lido pelo App
5162585;75;2025-07-10;393,03;393,03;0;Lido pelo App
5162609;75;2025-07-10;390,66;390,66;0;Lido pelo App
5162620;75;2025-07-10;390,66;390,66;0;Lido pelo App
5162655;75;2025-07-10;401,47;401,47;0;Lido pelo App
5162695;75;2025-07-10;401,47;401,47;0;Lido pelo App
5162696;75;2025-07-10;390,66;390,66;0;Lido pelo App
5162748;75;2025-07-10;390,66;390,66;0;Lido pelo App
5162766;75;2025-07-10;390,66;390,66;0;Lido pelo App
5162796;75;2025-07-10;401,47;401,47;0;Lido pelo App
5162799;75;2025-07-10;390,66;390,66;0;Lido pelo App
5162800;75;2025-07-10;401,47;401,47;0;Lido pelo App
5162815;75;2025-07-10;390,66;390,66;0;Lido pelo App
5162840;75;2025-07-10;401,47;401,47;0;Lido pelo App
5162841;75;2025-07-10;401,47;401,47;0;Lido pelo App
5162873;75;2025-07-10;401,47;401,47;0;Lido pelo App
5162876;75;2025-07-10;401,47;401,47;0;Lido pelo App
5162894;75;2025-07-10;390,66;390,66;0;Lido pelo App
5162899;75;2025-07-10;390,66;390,66;0;Lido pelo App
5162930;75;2025-07-10;390,66;390,66;0;Lido pelo App
5317833;75;2025-08-10;393,04;393,04;0;Lido pelo App
5317868;75;2025-08-10;390,66;390,66;0;Lido pelo App
5317903;75;2025-08-10;401,47;401,47;0;Lido pelo App
5317943;75;2025-08-10;401,47;401,47;0;Lido pelo App
5317944;75;2025-08-10;390,66;390,66;0;Lido pelo App
5317996;75;2025-08-10;390,66;390,66;0;Lido pelo App
5318003;75;2025-08-10;401,47;401,47;0;Lido pelo App
5318014;75;2025-08-10;390,66;390,66;0;Lido pelo App
5318044;75;2025-08-10;401,47;401,47;0;Lido pelo App
5318048;75;2025-08-10;401,47;401,47;0;Lido pelo App
5318063;75;2025-08-10;390,66;390,66;0;Lido pelo App
5318088;75;2025-08-10;401,47;401,47;0;Lido pelo App
5318107;75;2025-08-10;390,66;390,66;0;Lido pelo App
5318121;75;2025-08-10;401,47;401,47;0;Lido pelo App
5318142;75;2025-08-10;390,66;390,66;0;Lido pelo App
5318147;75;2025-08-10;390,66;390,66;0;Lido pelo App
5547458;75;2025-09-10;412,51;412,51;0;Lido pelo App
5547482;75;2025-09-10;410,02;410,02;0;Lido pelo App
5547493;75;2025-09-10;410,02;410,02;0;Lido pelo App
5547528;75;2025-09-10;421,40;421,40;0;Lido pelo App
5547568;75;2025-09-10;421,40;421,40;0;Lido pelo App
5547569;75;2025-09-10;410,02;410,02;0;Lido pelo App
5547621;75;2025-09-10;410,02;410,02;0;Lido pelo App
5547628;75;2025-09-10;421,40;421,40;0;Lido pelo App
5547639;75;2025-09-10;410,02;410,02;0;Lido pelo App
5547667;75;2025-09-10;410,02;410,02;0;Lido pelo App
5547669;75;2025-09-10;421,40;421,40;0;Lido pelo App
5547672;75;2025-09-10;410,02;410,02;0;Lido pelo App
5547673;75;2025-09-10;421,40;421,40;0;Lido pelo App
5547688;75;2025-09-10;410,02;410,02;0;Lido pelo App
5547732;75;2025-09-10;410,02;410,02;0;Lido pelo App
5547746;75;2025-09-10;421,40;421,40;0;Lido pelo App
5547767;75;2025-09-10;410,02;410,02;0;Lido pelo App
5547772;75;2025-09-10;410,02;410,02;0;Lido pelo App
5547803;75;2025-09-10;410,02;410,02;0;Lido pelo App
5603182;75;2025-07-04;-201,61;-283,89;3;origem 3 (Amigavel/Outro)
5662160;75;2025-10-10;468,58;468,58;0;Lido pelo App
5662184;75;2025-10-10;410,02;410,02;0;Lido pelo App
5662195;75;2025-10-10;410,02;410,02;0;Lido pelo App
5662230;75;2025-10-10;421,39;421,39;0;Lido pelo App
5662270;75;2025-10-10;421,39;421,39;0;Lido pelo App
5662271;75;2025-10-10;410,02;410,02;0;Lido pelo App
5662323;75;2025-10-10;410,02;410,02;0;Lido pelo App
5662330;75;2025-10-10;421,39;421,39;0;Lido pelo App
5662335;75;2025-10-10;410,02;410,02;0;Lido pelo App
5662341;75;2025-10-10;410,02;410,02;0;Lido pelo App
5662369;75;2025-10-10;410,02;410,02;0;Lido pelo App
5662371;75;2025-10-10;421,39;421,39;0;Lido pelo App
5662374;75;2025-10-10;410,02;410,02;0;Lido pelo App
5662375;75;2025-10-10;421,39;421,39;0;Lido pelo App
5662390;75;2025-10-10;410,02;410,02;0;Lido pelo App
5662415;75;2025-10-10;421,39;421,39;0;Lido pelo App
5662434;75;2025-10-10;410,02;410,02;0;Lido pelo App
5662448;75;2025-10-10;421,39;421,39;0;Lido pelo App
5662469;75;2025-10-10;410,02;410,02;0;Lido pelo App
5662474;75;2025-10-10;410,02;410,02;0;Lido pelo App
5662505;75;2025-10-10;410,02;410,02;0;Lido pelo App
5775162;75;2025-11-10;365,08;365,08;0;Lido pelo App
5775186;75;2025-11-10;362,88;362,88;0;Lido pelo App
5775192;75;2025-11-10;372,88;372,88;0;Lido pelo App
5775197;75;2025-11-10;362,88;362,88;0;Lido pelo App
5775232;75;2025-11-10;372,88;372,88;0;Lido pelo App
5775272;75;2025-11-10;372,88;372,88;0;Lido pelo App
5775273;75;2025-11-10;362,88;362,88;0;Lido pelo App
5775325;75;2025-11-10;362,88;362,88;0;Lido pelo App
5775332;75;2025-11-10;372,88;372,88;0;Lido pelo App
5775343;75;2025-11-10;362,88;362,88;0;Lido pelo App
5775371;75;2025-11-10;362,88;362,88;0;Lido pelo App
5775373;75;2025-11-10;372,88;372,88;0;Lido pelo App
5775377;75;2025-11-10;372,88;372,88;0;Lido pelo App
5775392;75;2025-11-10;362,88;362,88;0;Lido pelo App
5775417;75;2025-11-10;372,88;372,88;0;Lido pelo App
5775436;75;2025-11-10;362,88;362,88;0;Lido pelo App
5775444;75;2025-11-10;362,88;362,88;0;Lido pelo App
5775450;75;2025-11-10;372,88;372,88;0;Lido pelo App
5775471;75;2025-11-10;362,88;362,88;0;Lido pelo App
5775476;75;2025-11-10;362,88;362,88;0;Lido pelo App
5775507;75;2025-11-10;362,88;362,88;0;Lido pelo App
5833406;75;2025-08-05;-301,10;-470,23;3;origem 3 (Amigavel/Outro)
5833407;75;2025-09-05;-301,10;-470,23;3;origem 3 (Amigavel/Outro)
5934131;75;2025-12-10;365,08;365,08;0;Lido pelo App
5934155;75;2025-12-10;362,88;362,88;0;Lido pelo App
5934161;75;2025-12-10;372,88;372,88;0;Lido pelo App
5934166;75;2025-12-10;362,88;362,88;0;Lido pelo App
5934201;75;2025-12-10;372,88;372,88;0;Lido pelo App
5934241;75;2025-12-10;372,88;372,88;0;Lido pelo App
5934242;75;2025-12-10;362,88;362,88;0;Lido pelo App
5934294;75;2025-12-10;418,94;418,94;0;Lido pelo App
5934301;75;2025-12-10;372,88;372,88;0;Lido pelo App
5934312;75;2025-12-10;362,88;362,88;0;Lido pelo App
5934334;75;2025-12-10;1389,01;1389,01;0;Lido pelo App
5934340;75;2025-12-10;362,88;362,88;0;Lido pelo App
5934342;75;2025-12-10;372,88;372,88;0;Lido pelo App
5934346;75;2025-12-10;372,88;372,88;0;Lido pelo App
5934361;75;2025-12-10;362,88;362,88;0;Lido pelo App
5934362;75;2025-12-10;372,88;372,88;0;Lido pelo App
5934386;75;2025-12-10;372,88;372,88;0;Lido pelo App
5934419;75;2025-12-10;372,88;372,88;0;Lido pelo App
5934445;75;2025-12-10;362,88;362,88;0;Lido pelo App
5934476;75;2025-12-10;362,88;362,88;0;Lido pelo App
6111254;75;2026-01-10;365,08;365,08;0;Lido pelo App
6111278;75;2026-01-10;362,88;362,88;0;Lido pelo App
6111284;75;2026-01-10;372,88;372,88;0;Lido pelo App
6111289;75;2026-01-10;362,88;362,88;0;Lido pelo App
6111324;75;2026-01-10;372,88;372,88;0;Lido pelo App
6111364;75;2026-01-10;372,88;372,88;0;Lido pelo App
6111365;75;2026-01-10;362,88;362,88;0;Lido pelo App
6111384;75;2026-01-10;372,88;372,88;0;Lido pelo App
6111417;75;2026-01-10;362,88;362,88;0;Lido pelo App
6111424;75;2026-01-10;372,88;372,88;0;Lido pelo App
6111429;75;2026-01-10;362,88;362,88;0;Lido pelo App
6111435;75;2026-01-10;362,88;362,88;0;Lido pelo App
6111463;75;2026-01-10;362,88;362,88;0;Lido pelo App
6111465;75;2026-01-10;372,88;372,88;0;Lido pelo App
6111468;75;2026-01-10;362,88;362,88;0;Lido pelo App
6111469;75;2026-01-10;372,88;372,88;0;Lido pelo App
6111484;75;2026-01-10;362,88;362,88;0;Lido pelo App
6111485;75;2026-01-10;372,88;372,88;0;Lido pelo App
6111488;75;2026-01-10;362,88;362,88;0;Lido pelo App
6111509;75;2026-01-10;372,88;372,88;0;Lido pelo App
6111542;75;2026-01-10;372,88;372,88;0;Lido pelo App
6111545;75;2026-01-10;372,88;372,88;0;Lido pelo App
6111568;75;2026-01-10;362,88;362,88;0;Lido pelo App
6111599;75;2026-01-10;362,88;362,88;0;Lido pelo App
6168478;75;2026-05-29;198,56;321,54;5;origem 5 (Juridico)
6271558;75;2025-11-12;-245,53;-368,55;3;origem 3 (Amigavel/Outro)
6355444;75;2026-02-10;365,08;365,08;0;Lido pelo App
6355468;75;2026-02-10;362,88;362,88;0;Lido pelo App
6355474;75;2026-02-10;372,88;372,88;0;Lido pelo App
6355479;75;2026-02-10;362,88;362,88;0;Lido pelo App
6355514;75;2026-02-10;372,88;372,88;0;Lido pelo App
6355554;75;2026-02-10;372,88;372,88;0;Lido pelo App
6355555;75;2026-02-10;362,88;362,88;0;Lido pelo App
6355607;75;2026-02-10;362,88;362,88;0;Lido pelo App
6355614;75;2026-02-10;372,88;372,88;0;Lido pelo App
6355619;75;2026-02-10;362,88;362,88;0;Lido pelo App
6355625;75;2026-02-10;362,88;362,88;0;Lido pelo App
6355653;75;2026-02-10;362,88;362,88;0;Lido pelo App
6355655;75;2026-02-10;372,88;372,88;0;Lido pelo App
6355658;75;2026-02-10;362,88;362,88;0;Lido pelo App
6355659;75;2026-02-10;372,88;372,88;0;Lido pelo App
6355675;75;2026-02-10;372,88;372,88;0;Lido pelo App
6355678;75;2026-02-10;362,88;362,88;0;Lido pelo App
6355699;75;2026-02-10;372,88;372,88;0;Lido pelo App
6355732;75;2026-02-10;372,88;372,88;0;Lido pelo App
6355735;75;2026-02-10;372,88;372,88;0;Lido pelo App
6355755;75;2026-02-10;372,88;372,88;0;Lido pelo App
6355758;75;2026-02-10;362,88;362,88;0;Lido pelo App
6355789;75;2026-02-10;362,88;362,88;0;Lido pelo App
6419751;75;2026-08-09;349,35;598,58;5;origem 5 (Juridico)
6419752;75;2026-09-09;349,35;598,58;5;origem 5 (Juridico)
6419753;75;2026-10-09;349,35;598,58;5;origem 5 (Juridico)
6419754;75;2026-11-09;349,35;598,58;5;origem 5 (Juridico)
6425899;75;2026-03-10;365,08;365,08;0;Lido pelo App
6425923;75;2026-03-10;362,88;362,88;0;Lido pelo App
6425929;75;2026-03-10;372,88;372,88;0;Lido pelo App
6425934;75;2026-03-10;362,88;362,88;0;Lido pelo App
6425943;75;2026-03-10;362,88;362,88;0;Lido pelo App
6425969;75;2026-03-10;372,88;372,88;0;Lido pelo App
6426009;75;2026-03-10;372,88;372,88;0;Lido pelo App
6426010;75;2026-03-10;362,88;362,88;0;Lido pelo App
6426062;75;2026-03-10;362,88;362,88;0;Lido pelo App
6426074;75;2026-03-10;362,88;362,88;0;Lido pelo App
6426080;75;2026-03-10;362,88;362,88;0;Lido pelo App
6426093;75;2026-03-10;362,88;362,88;0;Lido pelo App
6426108;75;2026-03-10;362,88;362,88;0;Lido pelo App
6426110;75;2026-03-10;372,88;372,88;0;Lido pelo App
6426113;75;2026-03-10;362,88;362,88;0;Lido pelo App
6426114;75;2026-03-10;372,88;372,88;0;Lido pelo App
6426133;75;2026-03-10;362,88;362,88;0;Lido pelo App
6426154;75;2026-03-10;372,88;372,88;0;Lido pelo App
6426173;75;2026-03-10;362,88;362,88;0;Lido pelo App
6426187;75;2026-03-10;372,88;372,88;0;Lido pelo App
6426188;75;2026-03-10;362,88;362,88;0;Lido pelo App
6426210;75;2026-03-10;372,88;372,88;0;Lido pelo App
6426213;75;2026-03-10;362,88;362,88;0;Lido pelo App
6426244;75;2026-03-10;362,88;362,88;0;Lido pelo App
6513876;75;2027-01-03;500,62;997,62;5;origem 5 (Juridico)
6513878;75;2026-09-03;500,62;997,62;5;origem 5 (Juridico)
6513879;75;2026-10-03;500,62;997,62;5;origem 5 (Juridico)
6513880;75;2026-11-03;500,62;997,62;5;origem 5 (Juridico)
6513881;75;2026-12-03;500,62;997,62;5;origem 5 (Juridico)
6576446;75;2026-09-10;252,16;428,61;5;origem 5 (Juridico)
6576447;75;2026-10-10;252,16;428,61;5;origem 5 (Juridico)
6576448;75;2026-11-10;252,16;428,61;5;origem 5 (Juridico)
6576449;75;2026-12-10;252,16;428,61;5;origem 5 (Juridico)
6592344;75;2026-04-10;365,08;365,08;0;Lido pelo App
6592368;75;2026-04-10;362,88;362,88;0;Lido pelo App
6592374;75;2026-04-10;372,88;372,88;0;Lido pelo App
6592379;75;2026-04-10;362,88;362,88;0;Lido pelo App
6592388;75;2026-04-10;362,88;362,88;0;Lido pelo App
6592408;75;2026-04-10;362,88;362,88;0;Lido pelo App
6592414;75;2026-04-10;372,88;372,88;0;Lido pelo App
6592454;75;2026-04-10;372,88;372,88;0;Lido pelo App
6592455;75;2026-04-10;362,88;362,88;0;Lido pelo App
6592507;75;2026-04-10;362,88;362,88;0;Lido pelo App
6592519;75;2026-04-10;362,88;362,88;0;Lido pelo App
6592525;75;2026-04-10;362,88;362,88;0;Lido pelo App
6592538;75;2026-04-10;362,88;362,88;0;Lido pelo App
6592553;75;2026-04-10;362,88;362,88;0;Lido pelo App
6592555;75;2026-04-10;372,88;372,88;0;Lido pelo App
6592558;75;2026-04-10;362,88;362,88;0;Lido pelo App
6592559;75;2026-04-10;372,88;372,88;0;Lido pelo App
6592574;75;2026-04-10;362,88;362,88;0;Lido pelo App
6592575;75;2026-04-10;372,88;372,88;0;Lido pelo App
6592578;75;2026-04-10;362,88;362,88;0;Lido pelo App
6592599;75;2026-04-10;372,88;372,88;0;Lido pelo App
6592618;75;2026-04-10;362,88;362,88;0;Lido pelo App
6592632;75;2026-04-10;372,88;372,88;0;Lido pelo App
6592633;75;2026-04-10;362,88;362,88;0;Lido pelo App
6592655;75;2026-04-10;372,88;372,88;0;Lido pelo App
6592658;75;2026-04-10;362,88;362,88;0;Lido pelo App
6754029;75;2026-07-13;526,63;843,76;5;origem 5 (Juridico)
6754030;75;2026-08-13;526,63;843,76;5;origem 5 (Juridico)
6754031;75;2026-09-13;526,63;843,76;5;origem 5 (Juridico)
6754032;75;2026-10-13;526,63;843,76;5;origem 5 (Juridico)
6754033;75;2026-11-13;526,63;843,76;5;origem 5 (Juridico)
6754034;75;2026-12-13;526,63;843,76;5;origem 5 (Juridico)
6754035;75;2027-01-13;526,63;843,76;5;origem 5 (Juridico)
6754036;75;2027-02-13;526,63;843,76;5;origem 5 (Juridico)
6762293;75;2026-05-10;365,08;365,08;0;Lido pelo App
6762317;75;2026-05-10;362,88;362,88;0;Lido pelo App
6762323;75;2026-05-10;372,88;372,88;0;Lido pelo App
6762328;75;2026-05-10;362,88;362,88;0;Lido pelo App
6762345;75;2026-05-10;362,88;362,88;0;Lido pelo App
6762357;75;2026-05-10;362,88;362,88;0;Lido pelo App
6762363;75;2026-05-10;372,88;372,88;0;Lido pelo App
6762399;75;2026-05-10;372,88;372,88;0;Lido pelo App
6762403;75;2026-05-10;372,88;372,88;0;Lido pelo App
6762404;75;2026-05-10;362,88;362,88;0;Lido pelo App
6762456;75;2026-05-10;362,88;362,88;0;Lido pelo App
6762468;75;2026-05-10;362,88;362,88;0;Lido pelo App
6762474;75;2026-05-10;692,06;692,06;0;Lido pelo App
6762487;75;2026-05-10;362,88;362,88;0;Lido pelo App
6762502;75;2026-05-10;362,88;362,88;0;Lido pelo App
6762504;75;2026-05-10;372,88;372,88;0;Lido pelo App
6762506;75;2026-05-10;362,88;362,88;0;Lido pelo App
6762507;75;2026-05-10;362,88;362,88;0;Lido pelo App
6762508;75;2026-05-10;372,88;372,88;0;Lido pelo App
6762523;75;2026-05-10;362,88;362,88;0;Lido pelo App
6762524;75;2026-05-10;372,88;372,88;0;Lido pelo App
6762567;75;2026-05-10;362,88;362,88;0;Lido pelo App
6762581;75;2026-05-10;372,88;372,88;0;Lido pelo App
6762582;75;2026-05-10;362,88;362,88;0;Lido pelo App
6762588;75;2026-05-10;372,88;372,88;0;Lido pelo App
6762604;75;2026-05-10;372,88;372,88;0;Lido pelo App
6762607;75;2026-05-10;418,94;418,94;0;Lido pelo App
6762638;75;2026-05-10;362,88;362,88;0;Lido pelo App
6781843;75;2026-08-23;290,78;538,72;5;origem 5 (Juridico)
6781844;75;2026-09-23;290,78;538,72;5;origem 5 (Juridico)
6781845;75;2026-10-23;290,78;538,72;5;origem 5 (Juridico)
6781846;75;2026-11-23;290,78;538,72;5;origem 5 (Juridico)
6781847;75;2026-12-23;290,78;538,72;5;origem 5 (Juridico)
6781848;75;2027-01-23;290,78;538,72;5;origem 5 (Juridico)
6781849;75;2027-02-23;290,78;538,72;5;origem 5 (Juridico)
6781850;75;2027-03-23;290,78;538,72;5;origem 5 (Juridico)
6781851;75;2027-04-23;290,78;538,72;5;origem 5 (Juridico)
6781852;75;2027-05-23;290,78;538,72;5;origem 5 (Juridico)
6781853;75;2027-06-23;290,78;538,72;5;origem 5 (Juridico)
6781854;75;2027-07-23;290,78;538,72;5;origem 5 (Juridico)
6781855;75;2027-08-23;290,78;538,72;5;origem 5 (Juridico)
6999041;75;2026-02-05;-255,57;-408,11;3;origem 3 (Amigavel/Outro)
7021058;75;2026-08-28;298,31;447,59;5;origem 5 (Juridico)
7021059;75;2026-09-28;298,31;447,59;5;origem 5 (Juridico)
7023733;75;2026-08-01;525,67;932,76;5;origem 5 (Juridico)
7023734;75;2026-09-01;525,67;932,76;5;origem 5 (Juridico)
7023735;75;2026-10-01;525,67;932,76;5;origem 5 (Juridico)
7023736;75;2026-11-01;525,67;932,76;5;origem 5 (Juridico)
7023737;75;2026-12-01;525,67;932,76;5;origem 5 (Juridico)
7023738;75;2027-01-01;525,67;932,76;5;origem 5 (Juridico)
7023739;75;2027-02-01;525,67;932,76;5;origem 5 (Juridico)
7023740;75;2027-03-01;525,67;932,76;5;origem 5 (Juridico)
7059070;75;2026-06-10;365,08;365,08;0;Lido pelo App
7059094;75;2026-06-10;362,88;362,88;0;Lido pelo App
7059100;75;2026-06-10;372,88;372,88;0;Lido pelo App
7059105;75;2026-06-10;362,88;362,88;0;Lido pelo App
7059122;75;2026-06-10;362,88;362,88;0;Lido pelo App
7059140;75;2026-06-10;372,88;372,88;0;Lido pelo App
7059176;75;2026-06-10;372,88;372,88;0;Lido pelo App
7059180;75;2026-06-10;372,88;372,88;0;Lido pelo App
7059181;75;2026-06-10;362,88;362,88;0;Lido pelo App
7059190;75;2026-06-10;362,88;362,88;0;Lido pelo App
7059209;75;2026-06-10;362,88;362,88;0;Lido pelo App
7059233;75;2026-06-10;362,88;362,88;0;Lido pelo App
7059251;75;2026-06-10;362,88;362,88;0;Lido pelo App
7059264;75;2026-06-10;362,88;362,88;0;Lido pelo App
7059279;75;2026-06-10;362,88;362,88;0;Lido pelo App
7059281;75;2026-06-10;372,88;372,88;0;Lido pelo App
7059283;75;2026-06-10;362,88;362,88;0;Lido pelo App
7059284;75;2026-06-10;362,88;362,88;0;Lido pelo App
7059285;75;2026-06-10;372,88;372,88;0;Lido pelo App
7059297;75;2026-06-10;372,88;372,88;0;Lido pelo App
7059300;75;2026-06-10;362,88;362,88;0;Lido pelo App
7059301;75;2026-06-10;372,88;372,88;0;Lido pelo App
7059304;75;2026-06-10;362,88;362,88;0;Lido pelo App
7059325;75;2026-06-10;372,88;372,88;0;Lido pelo App
7059344;75;2026-06-10;362,88;362,88;0;Lido pelo App
7059358;75;2026-06-10;372,88;372,88;0;Lido pelo App
7059365;75;2026-06-10;372,88;372,88;0;Lido pelo App
7059370;75;2026-06-10;372,88;372,88;0;Lido pelo App
7059381;75;2026-06-10;372,88;372,88;0;Lido pelo App
7059384;75;2026-06-10;362,88;362,88;0;Lido pelo App
7059415;75;2026-06-10;362,88;362,88;0;Lido pelo App
7086394;75;2026-04-10;-186,44;-288,87;3;origem 3 (Amigavel/Outro)
7086446;75;2026-07-10;186,44;304,22;5;origem 5 (Juridico)
7086447;75;2026-08-10;186,44;304,22;5;origem 5 (Juridico)
7086448;75;2026-09-10;186,44;304,22;5;origem 5 (Juridico)
7086449;75;2026-10-10;186,44;304,22;5;origem 5 (Juridico)
7086450;75;2026-11-10;186,44;304,22;5;origem 5 (Juridico)
7089268;75;2026-09-13;186,44;264,85;5;origem 5 (Juridico)
7119604;75;2026-09-20;263,29;487,38;5;origem 5 (Juridico)
7119605;75;2026-10-20;263,29;487,38;5;origem 5 (Juridico)
7119606;75;2026-11-20;263,29;487,38;5;origem 5 (Juridico)
7119607;75;2026-12-20;263,29;487,38;5;origem 5 (Juridico)
7119608;75;2027-01-20;263,29;487,38;5;origem 5 (Juridico)
7119609;75;2027-02-20;263,29;487,38;5;origem 5 (Juridico)
7119610;75;2027-03-20;263,29;487,38;5;origem 5 (Juridico)
7119611;75;2027-04-20;263,29;487,38;5;origem 5 (Juridico)
7154737;75;2026-08-01;221,71;408,90;5;origem 5 (Juridico)
7154738;75;2026-09-01;221,71;408,90;5;origem 5 (Juridico)
7154739;75;2026-10-01;221,71;408,90;5;origem 5 (Juridico)
7154740;75;2026-11-01;221,71;408,90;5;origem 5 (Juridico)
7154741;75;2026-12-01;221,71;408,90;5;origem 5 (Juridico)
7154742;75;2027-01-01;221,71;408,90;5;origem 5 (Juridico)
7154743;75;2027-02-01;221,71;408,90;5;origem 5 (Juridico)
7154744;75;2027-03-01;221,71;408,90;5;origem 5 (Juridico)
7154745;75;2027-04-01;221,71;408,90;5;origem 5 (Juridico)
7154746;75;2027-05-01;221,71;408,90;5;origem 5 (Juridico)
7190753;75;2026-07-10;696,34;696,34;0;Lido pelo App
7190758;75;2026-07-10;365,07;365,07;0;Lido pelo App
7190777;75;2026-07-10;362,88;362,88;0;Lido pelo App
7190783;75;2026-07-10;372,89;372,89;0;Lido pelo App
7190788;75;2026-07-10;362,88;362,88;0;Lido pelo App
7190805;75;2026-07-10;362,88;362,88;0;Lido pelo App
7190817;75;2026-07-10;362,88;362,88;0;Lido pelo App
7190823;75;2026-07-10;372,89;372,89;0;Lido pelo App
7190859;75;2026-07-10;372,89;372,89;0;Lido pelo App
7190863;75;2026-07-10;372,89;372,89;0;Lido pelo App
7190864;75;2026-07-10;362,88;362,88;0;Lido pelo App
7190873;75;2026-07-10;362,88;362,88;0;Lido pelo App
7190892;75;2026-07-10;362,88;362,88;0;Lido pelo App
7190905;75;2026-07-10;362,88;362,88;0;Lido pelo App
7190916;75;2026-07-10;362,88;362,88;0;Lido pelo App
7190934;75;2026-07-10;362,88;362,88;0;Lido pelo App
7190947;75;2026-07-10;362,88;362,88;0;Lido pelo App
7190962;75;2026-07-10;362,88;362,88;0;Lido pelo App
7190964;75;2026-07-10;372,89;372,89;0;Lido pelo App
7190966;75;2026-07-10;362,88;362,88;0;Lido pelo App
7190967;75;2026-07-10;362,88;362,88;0;Lido pelo App
7190968;75;2026-07-10;372,89;372,89;0;Lido pelo App
7190980;75;2026-07-10;372,89;372,89;0;Lido pelo App
7190983;75;2026-07-10;362,88;362,88;0;Lido pelo App
7190984;75;2026-07-10;372,89;372,89;0;Lido pelo App
7190987;75;2026-07-10;362,88;362,88;0;Lido pelo App
7190994;75;2026-07-10;362,88;362,88;0;Lido pelo App
7191001;75;2026-07-10;372,89;372,89;0;Lido pelo App
7191026;75;2026-07-10;362,88;362,88;0;Lido pelo App
7191027;75;2026-07-10;362,88;362,88;0;Lido pelo App
7191041;75;2026-07-10;372,89;372,89;0;Lido pelo App
7191048;75;2026-07-10;372,89;372,89;0;Lido pelo App
7191064;75;2026-07-10;372,89;372,89;0;Lido pelo App
7191067;75;2026-07-10;362,88;362,88;0;Lido pelo App
7191098;75;2026-07-10;362,88;362,88;0;Lido pelo App
7229067;75;2026-09-03;389,96;786,18;5;origem 5 (Juridico)
7229068;75;2026-10-03;389,96;786,18;5;origem 5 (Juridico)
7229069;75;2026-11-03;389,96;786,18;5;origem 5 (Juridico)
7229070;75;2026-12-03;389,96;786,18;5;origem 5 (Juridico)
7229071;75;2027-01-03;389,96;786,18;5;origem 5 (Juridico)
7229072;75;2027-02-03;389,96;786,18;5;origem 5 (Juridico)
7229073;75;2027-03-03;389,96;786,18;5;origem 5 (Juridico)
7229074;75;2027-04-03;389,96;786,18;5;origem 5 (Juridico)
7229075;75;2027-05-03;389,96;786,18;5;origem 5 (Juridico)
7229076;75;2027-06-03;389,96;786,18;5;origem 5 (Juridico)
7229077;75;2027-07-03;389,96;786,18;5;origem 5 (Juridico)
7229078;75;2027-08-03;389,96;786,18;5;origem 5 (Juridico)
7229079;75;2027-09-03;389,96;786,18;5;origem 5 (Juridico)
7229080;75;2027-10-03;389,96;786,18;5;origem 5 (Juridico)
7229081;75;2027-11-03;389,96;786,18;5;origem 5 (Juridico)
7289650;75;2026-08-10;365,07;365,07;0;Lido pelo App
7289651;75;2026-08-10;362,88;362,88;0;Lido pelo App
7289652;75;2026-08-10;372,89;372,89;0;Lido pelo App
7289655;75;2026-08-10;365,07;365,07;0;Lido pelo App
7289669;75;2026-08-10;362,88;362,88;0;Lido pelo App
7289674;75;2026-08-10;362,88;362,88;0;Lido pelo App
7289680;75;2026-08-10;372,89;372,89;0;Lido pelo App
7289685;75;2026-08-10;362,88;362,88;0;Lido pelo App
7289702;75;2026-08-10;362,88;362,88;0;Lido pelo App
7289714;75;2026-08-10;362,88;362,88;0;Lido pelo App
7289720;75;2026-08-10;372,89;372,89;0;Lido pelo App
7289725;75;2026-08-10;362,88;362,88;0;Lido pelo App
7289731;75;2026-08-10;372,89;372,89;0;Lido pelo App
7289748;75;2026-08-10;372,89;372,89;0;Lido pelo App
7289756;75;2026-08-10;372,89;372,89;0;Lido pelo App
7289760;75;2026-08-10;372,89;372,89;0;Lido pelo App
7289761;75;2026-08-10;362,88;362,88;0;Lido pelo App
7289763;75;2026-08-10;372,89;372,89;0;Lido pelo App
7289770;75;2026-08-10;362,88;362,88;0;Lido pelo App
7289771;75;2026-08-10;372,89;372,89;0;Lido pelo App
7289789;75;2026-08-10;362,88;362,88;0;Lido pelo App
7289799;75;2026-08-10;372,89;372,89;0;Lido pelo App
7289802;75;2026-08-10;362,88;362,88;0;Lido pelo App
7289808;75;2026-08-10;372,89;372,89;0;Lido pelo App
7289813;75;2026-08-10;362,88;362,88;0;Lido pelo App
7289825;75;2026-08-10;362,88;362,88;0;Lido pelo App
7289831;75;2026-08-10;362,88;362,88;0;Lido pelo App
7289837;75;2026-08-10;372,89;372,89;0;Lido pelo App
7289840;75;2026-08-10;362,88;362,88;0;Lido pelo App
7289844;75;2026-08-10;362,88;362,88;0;Lido pelo App
7289859;75;2026-08-10;362,88;362,88;0;Lido pelo App
7289861;75;2026-08-10;372,89;372,89;0;Lido pelo App
7289863;75;2026-08-10;362,88;362,88;0;Lido pelo App
7289864;75;2026-08-10;362,88;362,88;0;Lido pelo App
7289865;75;2026-08-10;372,89;372,89;0;Lido pelo App
7289877;75;2026-08-10;372,89;372,89;0;Lido pelo App
7289880;75;2026-08-10;362,88;362,88;0;Lido pelo App
7289881;75;2026-08-10;372,89;372,89;0;Lido pelo App
7289884;75;2026-08-10;362,88;362,88;0;Lido pelo App
7289891;75;2026-08-10;362,88;362,88;0;Lido pelo App
7289898;75;2026-08-10;372,89;372,89;0;Lido pelo App
7289905;75;2026-08-10;372,89;372,89;0;Lido pelo App
7289923;75;2026-08-10;362,88;362,88;0;Lido pelo App
7289924;75;2026-08-10;362,88;362,88;0;Lido pelo App
7289932;75;2026-08-10;362,88;362,88;0;Lido pelo App
7289937;75;2026-08-10;372,89;372,89;0;Lido pelo App
7289938;75;2026-08-10;372,89;372,89;0;Lido pelo App
7289941;75;2026-08-10;372,89;372,89;0;Lido pelo App
7289945;75;2026-08-10;372,89;372,89;0;Lido pelo App
7289950;75;2026-08-10;372,89;372,89;0;Lido pelo App
7289954;75;2026-08-10;372,89;372,89;0;Lido pelo App
7289961;75;2026-08-10;372,89;372,89;0;Lido pelo App
7289964;75;2026-08-10;362,88;362,88;0;Lido pelo App
7289965;75;2026-08-10;372,89;372,89;0;Lido pelo App
7289987;75;2026-08-10;362,88;362,88;0;Lido pelo App
7289990;75;2026-08-10;372,89;372,89;0;Lido pelo App
7289995;75;2026-08-10;362,88;362,88;0;Lido pelo App
7355711;75;2026-05-20;-243,67;-346,25;3;origem 3 (Amigavel/Outro)
7356168;75;2026-08-31;335,77;685,88;5;origem 5 (Juridico)
7356169;75;2026-09-30;335,77;685,88;5;origem 5 (Juridico)
7356170;75;2026-10-31;335,77;685,88;5;origem 5 (Juridico)
7356171;75;2026-11-30;335,77;685,88;5;origem 5 (Juridico)
7356172;75;2026-12-31;335,77;685,88;5;origem 5 (Juridico)
7356173;75;2027-01-31;335,77;685,88;5;origem 5 (Juridico)
7356174;75;2027-02-28;335,77;685,88;5;origem 5 (Juridico)
7356175;75;2027-03-31;335,77;685,88;5;origem 5 (Juridico)
7356176;75;2027-04-30;335,77;685,88;5;origem 5 (Juridico)
7356177;75;2027-05-31;335,77;685,88;5;origem 5 (Juridico)
7356178;75;2027-06-30;335,77;685,88;5;origem 5 (Juridico)
7356179;75;2027-07-31;335,77;685,88;5;origem 5 (Juridico)
7356180;75;2027-08-31;335,77;685,88;5;origem 5 (Juridico)
7356181;75;2027-09-30;335,77;685,88;5;origem 5 (Juridico)
7356182;75;2027-10-31;335,77;685,88;5;origem 5 (Juridico)
7356183;75;2027-11-30;335,77;685,88;5;origem 5 (Juridico)
7356184;75;2027-12-31;335,77;685,88;5;origem 5 (Juridico)
7356185;75;2028-01-31;335,77;685,88;5;origem 5 (Juridico)
7377750;75;2026-10-01;183,19;301,70;5;origem 5 (Juridico)
7377751;75;2026-10-31;183,19;301,70;5;origem 5 (Juridico)
7396893;75;2026-09-06;181,44;280,53;5;origem 5 (Juridico)
7396894;75;2026-10-06;181,44;280,53;5;origem 5 (Juridico)
7396895;75;2026-11-06;181,44;280,53;5;origem 5 (Juridico)
7396896;75;2026-12-06;181,44;280,53;5;origem 5 (Juridico)
7396897;75;2027-01-06;181,44;280,53;5;origem 5 (Juridico)
7420339;75;2026-09-07;186,44;288,16;5;origem 5 (Juridico)
7420340;75;2026-10-07;186,44;288,16;5;origem 5 (Juridico)
7420341;75;2026-11-07;186,44;288,16;5;origem 5 (Juridico)
7420342;75;2026-12-07;186,44;288,16;5;origem 5 (Juridico)
7420343;75;2027-01-07;186,44;288,16;5;origem 5 (Juridico)
7433595;75;2026-09-17;175,89;354,62;5;origem 5 (Juridico)
7433596;75;2026-10-17;175,89;354,62;5;origem 5 (Juridico)
7433597;75;2026-11-17;175,89;354,62;5;origem 5 (Juridico)
7433598;75;2026-12-17;175,89;354,62;5;origem 5 (Juridico)
7433599;75;2027-01-17;175,89;354,62;5;origem 5 (Juridico)
7433600;75;2027-02-17;175,89;354,62;5;origem 5 (Juridico)
7433601;75;2027-03-17;175,89;354,62;5;origem 5 (Juridico)
7433602;75;2027-04-17;175,89;354,62;5;origem 5 (Juridico)
7433603;75;2027-05-17;175,89;354,62;5;origem 5 (Juridico)
7443680;75;2026-09-18;328,07;558,49;5;origem 5 (Juridico)
7443681;75;2026-10-18;328,07;558,49;5;origem 5 (Juridico)
7443682;75;2026-11-18;328,07;558,49;5;origem 5 (Juridico)
7443683;75;2026-12-18;328,07;558,49;5;origem 5 (Juridico)
7443684;75;2027-01-18;328,07;558,49;5;origem 5 (Juridico)